Linear regression 2 features,Polynomial regression with degree of 2,l1 (Lasso) polynomial regression,l2 (Ridge) polynomial regression,SVM with rbf kernel,Decision tree,Random forest,Gradient boosting trees
44.04032163109385,5.879378436747217,6.888172818405282,5.550091271478274,5.2148198043603164,17.219192008403486,7.550752601494057,9.99707240527431e-08
38.37546850116577,10.217789026318439,8.757905842763233,7.127903327202381,6.4346158972100485,17.785781681324643,9.833827898058503,6.614765676325151
